env,short_rate_per_min_mean,ext_rate_per_min_mean,short_mean_dur_s_mean,ext_mean_dur_s_mean,short_ibi_mean_s_mean,ext_ibi_mean_s_mean,short_ibi_cv_mean,ext_ibi_cv_mean
controlled,24.11764705882353,23.761894895984767,0.2687547183197782,0.36240055043974284,4.2639638723544975,3.89737812304055,0.6888918740954699,0.8180558318641377
noisy,109.89440785426963,109.89440785426963,0.14511728395061724,0.14511728395061724,1.007456140350877,1.007456140350877,0.23498445189217898,0.23498445189217898
